from,to
List of law enforcement agencies in Kansas,Kansas Bureau of Investigation
List of law enforcement agencies in Kansas,Kansas Department of Corrections
List of law enforcement agencies in Kansas,Kansas Department of Revenue
List of law enforcement agencies in Kansas,Kansas Division of Alcoholic Beverage Control
List of law enforcement agencies in Kansas,"Kansas Department of Wildlife, Parks and Tourism"
List of law enforcement agencies in Kansas,Kansas Highway Patrol
List of law enforcement agencies in Kansas,Kansas State Fire Marshal (page does not exist)
List of law enforcement agencies in Kansas,Allen County Sheriff's Office (Kansas) (page does not exist)
List of law enforcement agencies in Kansas,Anderson County Sheriff's Office (Kansas) (page does not exist)
List of law enforcement agencies in Kansas,Atchison County Sheriff's Office (Kansas) (page does not exist)
List of law enforcement agencies in Kansas,Barber County Sheriff's Office (Kansas) (page does not exist)
List of law enforcement agencies in Kansas,Barton County Sheriff's Office (Kansas) (page does not exist)
List of law enforcement agencies in Kansas,Bourbon County Sheriff's Office (Kansas) (page does not exist)
List of law enforcement agencies in Kansas,Brown County Sheriff's Office (Kansas) (page does not exist)
List of law enforcement agencies in Kansas,Butler County Sheriff's Office (Kansas) (page does not exist)
List of law enforcement agencies in Kansas,Chase County Sheriff's Office (Kansas) (page does not exist)
List of law enforcement agencies in Kansas,Chautauqua County Sheriff's Office (Kansas) (page does not exist)
List of law enforcement agencies in Kansas,Cherokee County Sheriff's Office (Kansas) (page does not exist)
List of law enforcement agencies in Kansas,Cheyenne County Sheriff's Office (Kansas) (page does not exist)
List of law enforcement agencies in Kansas,Clark County Sheriff's Office (Kansas) (page does not exist)
List of law enforcement agencies in Kansas,Clay County Sheriff's Office (Kansas) (page does not exist)
List of law enforcement agencies in Kansas,Cloud County Sheriff's Office (Kansas) (page does not exist)
List of law enforcement agencies in Kansas,Coffey County Sheriff's Office (Kansas) (page does not exist)
List of law enforcement agencies in Kansas,Comanche County Sheriff's Office (Kansas) (page does not exist)
List of law enforcement agencies in Kansas,Cowley County Sheriff's Office (Kansas) (page does not exist)
List of law enforcement agencies in Kansas,Crawford County Sheriff's Office (Kansas) (page does not exist)
List of law enforcement agencies in Kansas,Decatur County Sheriff's Office (Kansas) (page does not exist)
List of law enforcement agencies in Kansas,Dickinson County Sheriff's Office (Kansas) (page does not exist)
List of law enforcement agencies in Kansas,Doniphan County Sheriff's Office (Kansas) (page does not exist)
List of law enforcement agencies in Kansas,Douglas County (Kansas) Sheriff’s Office
List of law enforcement agencies in Kansas,Edwards County Sheriff's Office (Kansas) (page does not exist)
List of law enforcement agencies in Kansas,Elk County Sheriff's Office (Kansas) (page does not exist)
List of law enforcement agencies in Kansas,Ellis County Sheriff's Office (Kansas) (page does not exist)
List of law enforcement agencies in Kansas,Ellsworth County Sheriff's Office (Kansas) (page does not exist)
List of law enforcement agencies in Kansas,Finney County Sheriff's Office (Kansas) (page does not exist)
List of law enforcement agencies in Kansas,Ford County Sheriff's Office (Kansas) (page does not exist)
List of law enforcement agencies in Kansas,Franklin County Sheriff's Office (Kansas) (page does not exist)
List of law enforcement agencies in Kansas,Geary County Sheriff's Office (Kansas) (page does not exist)
List of law enforcement agencies in Kansas,Gove County Sheriff's Office (Kansas) (page does not exist)
List of law enforcement agencies in Kansas,Graham County Sheriff's Office (Kansas) (page does not exist)
List of law enforcement agencies in Kansas,Grant County Sheriff's Office (Kansas) (page does not exist)
List of law enforcement agencies in Kansas,Gray County Sheriff's Office (Kansas) (page does not exist)
List of law enforcement agencies in Kansas,Greeley County Sheriff's Office (Kansas) (page does not exist)
List of law enforcement agencies in Kansas,Greenwood County Sheriff's Office (Kansas) (page does not exist)
List of law enforcement agencies in Kansas,Hamilton County Sheriff's Office (Kansas) (page does not exist)
List of law enforcement agencies in Kansas,Harper County Sheriff's Office (Kansas) (page does not exist)
List of law enforcement agencies in Kansas,Harvey County Sheriff's Office (Kansas) (page does not exist)
List of law enforcement agencies in Kansas,Haskell County Sheriff's Office (Kansas) (page does not exist)
List of law enforcement agencies in Kansas,Hodgeman County Sheriff's Office (Kansas) (page does not exist)
List of law enforcement agencies in Kansas,Jackson County Sheriff's Office (Kansas) (page does not exist)
List of law enforcement agencies in Kansas,Jefferson County Sheriff's Office (Kansas) (page does not exist)
List of law enforcement agencies in Kansas,Jewell County Sheriff's Office (Kansas) (page does not exist)
List of law enforcement agencies in Kansas,Johnson County Sheriff's Office (Kansas)
List of law enforcement agencies in Kansas,Kearny County Sheriff's Office (Kansas) (page does not exist)
List of law enforcement agencies in Kansas,Kingman County Sheriff's Office (Kansas) (page does not exist)
List of law enforcement agencies in Kansas,Kiowa County Sheriff's Office (Kansas) (page does not exist)
List of law enforcement agencies in Kansas,Labette County Sheriff's Office (Kansas) (page does not exist)
List of law enforcement agencies in Kansas,Lane County Sheriff's Office (Kansas) (page does not exist)
List of law enforcement agencies in Kansas,Leavenworth County Sheriff's Office (Kansas) (page does not exist)
List of law enforcement agencies in Kansas,Lincoln County Sheriff's Office (Kansas) (page does not exist)
List of law enforcement agencies in Kansas,Linn County Sheriff's Office (Kansas) (page does not exist)
List of law enforcement agencies in Kansas,Logan County Sheriff's Office (Kansas) (page does not exist)
List of law enforcement agencies in Kansas,Lyon County Sheriff's Office (Kansas) (page does not exist)
List of law enforcement agencies in Kansas,Marion County Sheriff's Office (Kansas) (page does not exist)
List of law enforcement agencies in Kansas,Marshall County Sheriff's Office (Kansas) (page does not exist)
List of law enforcement agencies in Kansas,McPherson County Sheriff's Office (Kansas) (page does not exist)
List of law enforcement agencies in Kansas,Meade County Sheriff's Office (Kansas) (page does not exist)
List of law enforcement agencies in Kansas,Miami County Sheriff's Office (Kansas) (page does not exist)
List of law enforcement agencies in Kansas,Mitchell County Sheriff's Office (Kansas) (page does not exist)
List of law enforcement agencies in Kansas,Montgomery County Sheriff's Office (Kansas) (page does not exist)
List of law enforcement agencies in Kansas,Morris County Sheriff's Office (Kansas) (page does not exist)
List of law enforcement agencies in Kansas,Morton County Sheriff's Office (Kansas) (page does not exist)
List of law enforcement agencies in Kansas,Nemaha County Sheriff's Office (Kansas) (page does not exist)
List of law enforcement agencies in Kansas,Neosho County Sheriff's Office (Kansas) (page does not exist)
List of law enforcement agencies in Kansas,Ness County Sheriff's Office (Kansas) (page does not exist)
List of law enforcement agencies in Kansas,Norton County Sheriff's Office (Kansas) (page does not exist)
List of law enforcement agencies in Kansas,Osage County Sheriff's Office (Kansas) (page does not exist)
List of law enforcement agencies in Kansas,Osborne County Sheriff's Office (Kansas) (page does not exist)
List of law enforcement agencies in Kansas,Ottawa County Sheriff's Office (Kansas) (page does not exist)
List of law enforcement agencies in Kansas,Pawnee County Sheriff's Office (Kansas) (page does not exist)
"Kansas Department of Wildlife, Parks and Tourism",Cedar Bluff State Park
List of law enforcement agencies in Kansas,Phillips County Sheriff's Office (Kansas) (page does not exist)
List of law enforcement agencies in Kansas,Pottawatomie County Sheriff's Office (Kansas) (page does not exist)
"Kansas Department of Wildlife, Parks and Tourism",Cheney State Park
"Kansas Department of Wildlife, Parks and Tourism",Clinton State Park
List of law enforcement agencies in Kansas,Pratt County Sheriff's Office (Kansas) (page does not exist)
List of law enforcement agencies in Kansas,Rawlins County Sheriff's Office (Kansas) (page does not exist)
"Kansas Department of Wildlife, Parks and Tourism",Crawford State Park (Kansas)
List of law enforcement agencies in Kansas,Reno County Sheriff's Office (Kansas) (page does not exist)
"Kansas Department of Wildlife, Parks and Tourism",Cross Timbers State Park
"Kansas Department of Wildlife, Parks and Tourism",Eisenhower State Park (Kansas)
List of law enforcement agencies in Kansas,Republic County Sheriff's Office (Kansas) (page does not exist)
List of law enforcement agencies in Kansas,Rice County Sheriff's Office (Kansas)
"Kansas Department of Wildlife, Parks and Tourism",El Dorado State Park
List of law enforcement agencies in Kansas,Riley County Police Department (Kansas) (page does not exist)
"Kansas Department of Wildlife, Parks and Tourism",Elk City State Park
List of law enforcement agencies in Kansas,Rooks County Sheriff's Office (Kansas) (page does not exist)
List of law enforcement agencies in Kansas,Rush County Sheriff's Office (Kansas) (page does not exist)
"Kansas Department of Wildlife, Parks and Tourism",Fall River State Park
"Kansas Department of Wildlife, Parks and Tourism",Ford County State Park (page does not exist)
List of law enforcement agencies in Kansas,Russell County Sheriff's Office (Kansas) (page does not exist)
List of law enforcement agencies in Kansas,Saline County Sheriff's Office (Kansas) (page does not exist)
"Kansas Department of Wildlife, Parks and Tourism",Waconda Lake
"Kansas Department of Wildlife, Parks and Tourism",Hillsdale State Park
List of law enforcement agencies in Kansas,Scott County Sheriff's Office (Kansas) (page does not exist)
List of law enforcement agencies in Kansas,Sedgwick County Sheriff's Office (Kansas) (page does not exist)
"Kansas Department of Wildlife, Parks and Tourism",Kanopolis State Park
List of law enforcement agencies in Kansas,Seward County Sheriff's Office (Kansas) (page does not exist)
List of law enforcement agencies in Kansas,Shawnee County Sheriff's Office (Kansas) (page does not exist)
"Kansas Department of Wildlife, Parks and Tourism",Kaw River State Park
"Kansas Department of Wildlife, Parks and Tourism",Lake Scott State Park
List of law enforcement agencies in Kansas,Sheridan County Sheriff's Office (Kansas) (page does not exist)
List of law enforcement agencies in Kansas,Sherman County Sheriff's Office (Kansas) (page does not exist)
"Kansas Department of Wildlife, Parks and Tourism",Lovewell State Park
"Kansas Department of Wildlife, Parks and Tourism",Meade State Park
"Kansas Department of Wildlife, Parks and Tourism",Milford Lake
List of law enforcement agencies in Kansas,Smith County Sheriff's Office (Kansas) (page does not exist)
List of law enforcement agencies in Kansas,Stafford County Sheriff's Office (Kansas) (page does not exist)
"Kansas Department of Wildlife, Parks and Tourism",Mushroom Rock State Park
"Kansas Department of Wildlife, Parks and Tourism",Perry State Park
List of law enforcement agencies in Kansas,Stanton County Sheriff's Office (Kansas) (page does not exist)
List of law enforcement agencies in Kansas,Stevens County Sheriff's Office (Kansas) (page does not exist)
"Kansas Department of Wildlife, Parks and Tourism",Pomona State Park
List of law enforcement agencies in Kansas,Sumner County Sheriff's Office (Kansas) (page does not exist)
"Kansas Department of Wildlife, Parks and Tourism",Prairie Dog State Park
"Kansas Department of Wildlife, Parks and Tourism",Prairie Spirit Trail State Park
List of law enforcement agencies in Kansas,Thomas County Sheriff's Office (Kansas) (page does not exist)
List of law enforcement agencies in Kansas,Trego County Sheriff's Office (Kansas) (page does not exist)
"Kansas Department of Wildlife, Parks and Tourism",Sand Hills State Park
"Kansas Department of Wildlife, Parks and Tourism",Tuttle Creek Lake
List of law enforcement agencies in Kansas,Wabaunsee County Sheriff's Office (Kansas) (page does not exist)
List of law enforcement agencies in Kansas,Wallace County Sheriff's Office (Kansas) (page does not exist)
"Kansas Department of Wildlife, Parks and Tourism",Webster State Park
"Kansas Department of Wildlife, Parks and Tourism",Wilson State Park (Kansas)
List of law enforcement agencies in Kansas,Washington County Sheriff's Office (Kansas) (page does not exist)
"Kansas Department of Wildlife, Parks and Tourism",Big Basin Prairie Preserve
"Kansas Department of Wildlife, Parks and Tourism",Lake Afton
List of law enforcement agencies in Kansas,Wichita County Sheriff's Office (Kansas) (page does not exist)
"Kansas Department of Wildlife, Parks and Tourism",McPherson Valley Wetlands
"Kansas Department of Wildlife, Parks and Tourism",Neosho State Fishing Lake
List of law enforcement agencies in Kansas,Wilson County Sheriff's Office (Kansas) (page does not exist)
"Kansas Department of Wildlife, Parks and Tourism",List of law enforcement agencies in Kansas
List of law enforcement agencies in Kansas,Woodson County Sheriff's Office (Kansas) (page does not exist)
"Kansas Department of Wildlife, Parks and Tourism",List of State Fish and Wildlife Management Agencies in the U.S.
List of law enforcement agencies in Kansas,Wyandotte County Sheriff's Office (Kansas) (page does not exist)
List of law enforcement agencies in Kansas,Abilene Police Department (Kansas) (page does not exist)
List of law enforcement agencies in Kansas,Altamont Police Department (Kansas) (page does not exist)
List of law enforcement agencies in Kansas,Andale Police Department (Kansas) (page does not exist)
List of law enforcement agencies in Kansas,Andover Police Department (Kansas) (page does not exist)
List of law enforcement agencies in Kansas,Anthony Police Department (Kansas) (page does not exist)
List of law enforcement agencies in Kansas,Argonia Police Department (Kansas) (page does not exist)
List of law enforcement agencies in Kansas,Arkansas City Police Department (Kansas) (page does not exist)
List of law enforcement agencies in Kansas,Arma Police Department (Kansas) (page does not exist)
List of law enforcement agencies in Kansas,Atchison Police Department (Kansas) (page does not exist)
List of law enforcement agencies in Kansas,Atwood Police Department (Kansas) (page does not exist)
List of law enforcement agencies in Kansas,Augusta Department of Public Safety (Kansas) (page does not exist)
List of law enforcement agencies in Kansas,Baldwin City Police Department (Kansas) (page does not exist)
List of law enforcement agencies in Kansas,Bartlett Police Department (Kansas) (page does not exist)
List of law enforcement agencies in Kansas,Basehor Police Department (Kansas) (page does not exist)
List of law enforcement agencies in Kansas,Baxter Springs Police Department (Kansas) (page does not exist)
List of law enforcement agencies in Kansas,Bel Aire Police Department (Kansas) (page does not exist)
List of law enforcement agencies in Kansas,Belleville Police Department (Kansas) (page does not exist)
List of law enforcement agencies in Kansas,Beloit Police Department (Kansas) (page does not exist)
List of law enforcement agencies in Kansas,Bentley Police Department (Kansas) (page does not exist)
List of law enforcement agencies in Kansas,Blue Rapids Police Department (Kansas) (page does not exist)
List of law enforcement agencies in Kansas,Bonner Springs Police Department (Kansas) (page does not exist)
List of law enforcement agencies in Kansas,Burlingame Police Department (Kansas) (page does not exist)
List of law enforcement agencies in Kansas,Burlington Police Department (Kansas) (page does not exist)
List of law enforcement agencies in Kansas,Burrton Police Department (Kansas) (page does not exist)
List of law enforcement agencies in Kansas,Caney Police Department (Kansas) (page does not exist)
List of law enforcement agencies in Kansas,Carbondale Police Department (Kansas) (page does not exist)
List of law enforcement agencies in Kansas,Cedar Vale Police Department (Kansas) (page does not exist)
List of law enforcement agencies in Kansas,Chanute Police Department (Kansas) (page does not exist)
List of law enforcement agencies in Kansas,Chapman Police Department (Kansas) (page does not exist)
List of law enforcement agencies in Kansas,Chase Police Department (Kansas) (page does not exist)
List of law enforcement agencies in Kansas,Cheney Police Department (Kansas) (page does not exist)
List of law enforcement agencies in Kansas,Cherokee City Police Department (Kansas) (page does not exist)
List of law enforcement agencies in Kansas,Cherryvale Police Department (Kansas) (page does not exist)
List of law enforcement agencies in Kansas,Chetopa Police Department (Kansas) (page does not exist)
List of law enforcement agencies in Kansas,Cimarron Police Department (Kansas) (page does not exist)
List of law enforcement agencies in Kansas,Circleville Police Department (Kansas) (page does not exist)
List of law enforcement agencies in Kansas,Clay Center Police Department (Kansas) (page does not exist)
List of law enforcement agencies in Kansas,Clearwater Police Department (Kansas) (page does not exist)
List of law enforcement agencies in Kansas,Coffeyville Police Department (Kansas) (page does not exist)
List of law enforcement agencies in Kansas,Colby Police Department (Kansas) (page does not exist)
List of law enforcement agencies in Kansas,Coldwater Police Department (Kansas) (page does not exist)
List of law enforcement agencies in Kansas,Columbus Police Department (Kansas) (page does not exist)
List of law enforcement agencies in Kansas,Colwich Police Department (Kansas) (page does not exist)
List of law enforcement agencies in Kansas,Concordia Police Department (Kansas) (page does not exist)
List of law enforcement agencies in Kansas,Conway Springs Police Department (Kansas) (page does not exist)
List of law enforcement agencies in Kansas,Council Grove Police Department (Kansas) (page does not exist)
List of law enforcement agencies in Kansas,Derby Police Department (Kansas) (page does not exist)
List of law enforcement agencies in Kansas,Dodge City Police Department (Kansas) (page does not exist)
List of law enforcement agencies in Kansas,Eastborough Police Department (Kansas) (page does not exist)
List of law enforcement agencies in Kansas,Edwardsville Police Department (Kansas) (page does not exist)
List of law enforcement agencies in Kansas,El Dorado Police Department (Kansas) (page does not exist)
List of law enforcement agencies in Kansas,Elkhart Police Department (Kansas) (page does not exist)
List of law enforcement agencies in Kansas,Ellinwood Police Department (Kansas) (page does not exist)
List of law enforcement agencies in Kansas,Ellis Police Department (Kansas) (page does not exist)
List of law enforcement agencies in Kansas,Ellsworth Police Department (Kansas) (page does not exist)
List of law enforcement agencies in Kansas,Elwood Police Department (Kansas) (page does not exist)
List of law enforcement agencies in Kansas,Emporia Police Department (Kansas) (page does not exist)
List of law enforcement agencies in Kansas,Enterprise Police Department (Kansas) (page does not exist)
List of law enforcement agencies in Kansas,Erie Police Department (Kansas) (page does not exist)
List of law enforcement agencies in Kansas,Eskridge Police Department (Kansas) (page does not exist)
List of law enforcement agencies in Kansas,Eudora Police Department (Kansas) (page does not exist)
List of law enforcement agencies in Kansas,Fairway Police Department (Kansas) (page does not exist)
List of law enforcement agencies in Kansas,Florence Police Department (Kansas) (page does not exist)
List of law enforcement agencies in Kansas,Fort Scott Police Department (Kansas) (page does not exist)
List of law enforcement agencies in Kansas,Frankfort Police Department (Kansas) (page does not exist)
List of law enforcement agencies in Kansas,Fredonia Police Department (Kansas) (page does not exist)
List of law enforcement agencies in Kansas,Frontenac Police Department (Kansas) (page does not exist)
List of law enforcement agencies in Kansas,Galena Police Department (Kansas) (page does not exist)
List of law enforcement agencies in Kansas,Garden City Police Department (Kansas) (page does not exist)
List of law enforcement agencies in Kansas,Gardner Police Department (Kansas) (page does not exist)
List of law enforcement agencies in Kansas,Garnett Police Department (Kansas) (page does not exist)
List of law enforcement agencies in Kansas,Girard Police Department (Kansas) (page does not exist)
List of law enforcement agencies in Kansas,Goddard Police Department (Kansas) (page does not exist)
List of law enforcement agencies in Kansas,Goodland Police Department (Kansas) (page does not exist)
List of law enforcement agencies in Kansas,Grandview Plaza Police Department (Kansas) (page does not exist)
List of law enforcement agencies in Kansas,Great Bend Police Department (Kansas) (page does not exist)
List of law enforcement agencies in Kansas,Greeley Police Department (Kansas) (page does not exist)
List of law enforcement agencies in Kansas,Halstead Police Department (Kansas) (page does not exist)
List of law enforcement agencies in Kansas,Harper Police Department (Kansas) (page does not exist)
List of law enforcement agencies in Kansas,Haven Police Department (Kansas) (page does not exist)
List of law enforcement agencies in Kansas,Havensville Police Department (Kansas) (page does not exist)
List of law enforcement agencies in Kansas,Hays Police Department (Kansas) (page does not exist)
List of law enforcement agencies in Kansas,Haysville Police Department (Kansas) (page does not exist)
List of law enforcement agencies in Kansas,Herington Police Department (Kansas) (page does not exist)
List of law enforcement agencies in Kansas,Hesston Police Department (Kansas) (page does not exist)
List of law enforcement agencies in Kansas,Hiawatha Police Department (Kansas) (page does not exist)
List of law enforcement agencies in Kansas,Highland Police Department (Kansas) (page does not exist)
List of law enforcement agencies in Kansas,Hill City Police Department (Kansas) (page does not exist)
List of law enforcement agencies in Kansas,Hillsboro Police Department (Kansas) (page does not exist)
List of law enforcement agencies in Kansas,Hoisington Police Department (Kansas) (page does not exist)
List of law enforcement agencies in Kansas,Holton Police Department (Kansas) (page does not exist)
List of law enforcement agencies in Kansas,Horton Police Department (Kansas) (page does not exist)
List of law enforcement agencies in Kansas,Howard Police Department (Kansas) (page does not exist)
List of law enforcement agencies in Kansas,Hoxie Police Department (Kansas) (page does not exist)
List of law enforcement agencies in Kansas,Hoyt Police Department (Kansas) (page does not exist)
List of law enforcement agencies in Kansas,Hugoton Police Department (Kansas) (page does not exist)
List of law enforcement agencies in Kansas,Humboldt Police Department (Kansas) (page does not exist)
List of law enforcement agencies in Kansas,Hutchinson Police Department (Kansas) (page does not exist)
List of law enforcement agencies in Kansas,Independence Police Department (Kansas) (page does not exist)
List of law enforcement agencies in Kansas,Inman Police Department (Kansas) (page does not exist)
List of law enforcement agencies in Kansas,Iola Police Department (Kansas) (page does not exist)
List of law enforcement agencies in Kansas,Junction City Police Department (Kansas) (page does not exist)
List of law enforcement agencies in Kansas,Kansas City Police Department (Kansas)
List of law enforcement agencies in Kansas,Kechi Police Department (page does not exist)
List of law enforcement agencies in Kansas,Kingman Police Department (Kansas) (page does not exist)
List of law enforcement agencies in Kansas,Kinsley Police Department (Kansas) (page does not exist)
List of law enforcement agencies in Kansas,Kiowa Police Department (Kansas) (page does not exist)
List of law enforcement agencies in Kansas,La Crosse Police Department (Kansas) (page does not exist)
List of law enforcement agencies in Kansas,La Cygne Police Department (Kansas) (page does not exist)
List of law enforcement agencies in Kansas,La Harpe Police Department (Kansas) (page does not exist)
List of law enforcement agencies in Kansas,Lansing Police Department (Kansas) (page does not exist)
List of law enforcement agencies in Kansas,Larned Police Department (Kansas) (page does not exist)
List of law enforcement agencies in Kansas,Lawrence Police Department (Kansas) (page does not exist)
List of law enforcement agencies in Kansas,Le Roy Police Department (Kansas) (page does not exist)
List of law enforcement agencies in Kansas,Leavenworth Police Department (Kansas) (page does not exist)
List of law enforcement agencies in Kansas,Leawood Police Department (Kansas) (page does not exist)
List of law enforcement agencies in Kansas,Lenexa Police Department (Kansas) (page does not exist)
List of law enforcement agencies in Kansas,Lewis Police Department (Kansas) (page does not exist)
List of law enforcement agencies in Kansas,Liberal Police Department (Kansas) (page does not exist)
List of law enforcement agencies in Kansas,Lindsborg Police Department (Kansas) (page does not exist)
List of law enforcement agencies in Kansas,Louisburg Police Department (Kansas) (page does not exist)
List of law enforcement agencies in Kansas,Lyndon Police Department (Kansas) (page does not exist)
List of law enforcement agencies in Kansas,Lyons Police Department (Kansas) (page does not exist)
List of law enforcement agencies in Kansas,Maize Police Department (Kansas) (page does not exist)
List of law enforcement agencies in Kansas,Marion Police Department (Kansas) (page does not exist)
List of law enforcement agencies in Kansas,Marysville Police Department (Kansas) (page does not exist)
List of law enforcement agencies in Kansas,Mayetta Police Department (Kansas) (page does not exist)
List of law enforcement agencies in Kansas,McPherson Police Department (Kansas) (page does not exist)
List of law enforcement agencies in Kansas,Meade Police Department (Kansas) (page does not exist)
List of law enforcement agencies in Kansas,Melvern Police Department (Kansas) (page does not exist)
List of law enforcement agencies in Kansas,Medicine Lodge Police Department (Kansas) (page does not exist)
List of law enforcement agencies in Kansas,Meriden Police Department (Kansas) (page does not exist)
List of law enforcement agencies in Kansas,Merriam Police Department (Kansas) (page does not exist)
List of law enforcement agencies in Kansas,Minneapolis Police Department (Kansas) (page does not exist)
List of law enforcement agencies in Kansas,Mission Police Department (Kansas) (page does not exist)
List of law enforcement agencies in Kansas,Moran Police Department (Kansas) (page does not exist)
List of law enforcement agencies in Kansas,Mound City Police Department (Kansas) (page does not exist)
List of law enforcement agencies in Kansas,Moundridge Police Department (Kansas) (page does not exist)
List of law enforcement agencies in Kansas,Mt. Hope Police Department (Kansas) (page does not exist)
List of law enforcement agencies in Kansas,Mulberry Police Department (Kansas) (page does not exist)
List of law enforcement agencies in Kansas,Mulvane Police Department (Kansas) (page does not exist)
List of law enforcement agencies in Kansas,Neodesha Police Department (Kansas) (page does not exist)
List of law enforcement agencies in Kansas,Newton Police Department (Kansas) (page does not exist)
List of law enforcement agencies in Kansas,Nickerson Police Department (Kansas) (page does not exist)
List of law enforcement agencies in Kansas,North Newton Police Department (Kansas) (page does not exist)
List of law enforcement agencies in Kansas,Norton Police Department (Kansas) (page does not exist)
List of law enforcement agencies in Kansas,Nortonville Police Department (Kansas) (page does not exist)
List of law enforcement agencies in Kansas,Oakley Police Department (Kansas) (page does not exist)
List of law enforcement agencies in Kansas,Oberlin Police Department (Kansas) (page does not exist)
List of law enforcement agencies in Kansas,Olathe Police Department (Kansas) (page does not exist)
List of law enforcement agencies in Kansas,Onaga Police Department (Kansas) (page does not exist)
List of law enforcement agencies in Kansas,Osage City Police Department (Kansas) (page does not exist)
List of law enforcement agencies in Kansas,Osawatomie Police Department (Kansas) (page does not exist)
List of law enforcement agencies in Kansas,Osborne Police Department (Kansas) (page does not exist)
List of law enforcement agencies in Kansas,Oskaloosa Police Department (Kansas) (page does not exist)
List of law enforcement agencies in Kansas,Oswego Police Department (Kansas) (page does not exist)
List of law enforcement agencies in Kansas,Ottawa Police Department (Kansas) (page does not exist)
List of law enforcement agencies in Kansas,Overbrook Police Department (Kansas) (page does not exist)
List of law enforcement agencies in Kansas,Overland Park Police Department (Kansas)
List of law enforcement agencies in Kansas,Oxford Police Department (Kansas) (page does not exist)
List of law enforcement agencies in Kansas,Paola Police Department (Kansas) (page does not exist)
List of law enforcement agencies in Kansas,Park City Police Department (Kansas) (page does not exist)
List of law enforcement agencies in Kansas,Parsons Police Department (Kansas) (page does not exist)
List of law enforcement agencies in Kansas,Peabody Police Department (Kansas) (page does not exist)
List of law enforcement agencies in Kansas,Perry Police Department (Kansas) (page does not exist)
List of law enforcement agencies in Kansas,Pittsburg Police Department (Kansas) (page does not exist)
List of law enforcement agencies in Kansas,Plainville Police Department (Kansas) (page does not exist)
List of law enforcement agencies in Kansas,Pleasanton Police Department (Kansas) (page does not exist)
List of law enforcement agencies in Kansas,Prairie Village Police Department (Kansas) (page does not exist)
List of law enforcement agencies in Kansas,Pratt Police Department (Kansas) (page does not exist)
List of law enforcement agencies in Kansas,Protection Police Department (Kansas) (page does not exist)
List of law enforcement agencies in Kansas,Quinter Police Department (Kansas) (page does not exist)
List of law enforcement agencies in Kansas,Richmond Police Department (Kansas) (page does not exist)
List of law enforcement agencies in Kansas,Riley County Police Department (Kansas) (page does not exist)
List of law enforcement agencies in Kansas,Roeland Park Police Department (Kansas) (page does not exist)
List of law enforcement agencies in Kansas,Rolla Police Department (Kansas) (page does not exist)
List of law enforcement agencies in Kansas,Rose Hill Police Department (Kansas) (page does not exist)
List of law enforcement agencies in Kansas,Rossville Police Department (Kansas) (page does not exist)
List of law enforcement agencies in Kansas,Russell Police Department (Kansas) (page does not exist)
List of law enforcement agencies in Kansas,Sabetha Police Department (Kansas) (page does not exist)
List of law enforcement agencies in Kansas,Saint Francis Police Department (Kansas) (page does not exist)
List of law enforcement agencies in Kansas,Saint John Police Department (Kansas) (page does not exist)
List of law enforcement agencies in Kansas,Saint Marys Police Department (Kansas) (page does not exist)
List of law enforcement agencies in Kansas,Salina Police Department (Kansas) (page does not exist)
List of law enforcement agencies in Kansas,Scott City Police Department (Kansas) (page does not exist)
List of law enforcement agencies in Kansas,Scranton Police Department (Kansas) (page does not exist)
List of law enforcement agencies in Kansas,Sedan Police Department (Kansas) (page does not exist)
List of law enforcement agencies in Kansas,Sedgwick Police Department (Kansas) (page does not exist)
List of law enforcement agencies in Kansas,Seneca Police Department (Kansas) (page does not exist)
List of law enforcement agencies in Kansas,Shawnee Police Department (Kansas) (page does not exist)
List of law enforcement agencies in Kansas,Silver Lake Police Department (Kansas) (page does not exist)
List of law enforcement agencies in Kansas,Smith Center Police Department (Kansas) (page does not exist)
List of law enforcement agencies in Kansas,South Hutchinson Police Department (Kansas) (page does not exist)
List of law enforcement agencies in Kansas,Spring Hill Police Department (Kansas) (page does not exist)
List of law enforcement agencies in Kansas,Stafford Police Department (Kansas) (page does not exist)
List of law enforcement agencies in Kansas,Sterling Police Department (Kansas) (page does not exist)
List of law enforcement agencies in Kansas,Stockton Police Department (Kansas) (page does not exist)
List of law enforcement agencies in Kansas,Tonganoxie Police Department (Kansas) (page does not exist)
List of law enforcement agencies in Kansas,Topeka Police Department (Kansas) (page does not exist)
List of law enforcement agencies in Kansas,Towanda Police Department (Kansas) (page does not exist)
List of law enforcement agencies in Kansas,Troy Police Department (Kansas) (page does not exist)
List of law enforcement agencies in Kansas,Udall Police Department (Kansas) (page does not exist)
List of law enforcement agencies in Kansas,Ulysses Police Department (Kansas) (page does not exist)
List of law enforcement agencies in Kansas,Valley Center Police Department (Kansas) (page does not exist)
List of law enforcement agencies in Kansas,Valley Falls Police Department (Kansas) (page does not exist)
List of law enforcement agencies in Kansas,Victoria Police Department (Kansas) (page does not exist)
List of law enforcement agencies in Kansas,WaKeeney Police Department (Kansas) (page does not exist)
List of law enforcement agencies in Kansas,Wakefield Police Department (Kansas) (page does not exist)
List of law enforcement agencies in Kansas,Walton Police Department (Kansas) (page does not exist)
List of law enforcement agencies in Kansas,Wamego Police Department (Kansas) (page does not exist)
List of law enforcement agencies in Kansas,Wathena Police Department (Kansas) (page does not exist)
List of law enforcement agencies in Kansas,Waverly Police Department (Kansas) (page does not exist)
Overland Park Police Department,Glock
List of law enforcement agencies in Kansas,Weir Police Department (Kansas) (page does not exist)
List of law enforcement agencies in Kansas,Wellington Police Department (Kansas) (page does not exist)
Overland Park Police Department,9mm
Overland Park Police Department,Taser
Overland Park Police Department,Pepper Spray
List of law enforcement agencies in Kansas,Wellsville Police Department (Kansas) (page does not exist)
List of law enforcement agencies in Kansas,Westwood Police Department (Kansas) (page does not exist)
Overland Park Police Department,"ASP, Inc."
List of law enforcement agencies in Kansas,Wichita Police Department (Kansas)
List of law enforcement agencies in Kansas,Wilson Police Department (Kansas) (page does not exist)
Overland Park Police Department,CZ Scorpion Evo 3
Overland Park Police Department,Benelli M3
Overland Park Police Department,12-gauge shotgun
List of law enforcement agencies in Kansas,Winchester Police Department (Kansas) (page does not exist)
List of law enforcement agencies in Kansas,Winfield Police Department (Kansas) (page does not exist)
Overland Park Police Department,Remington 870
Overland Park Police Department,AR-15
Overland Park Police Department,5.56×45mm NATO
List of law enforcement agencies in Kansas,Yates Center Police Department (Kansas) (page does not exist)
Overland Park Police Department,.40 S&W
List of law enforcement agencies in Kansas,Auburn-Washburn Schools Police Department (page does not exist)
List of law enforcement agencies in Kansas,Butler Community Colleges Department of Public Safety (page does not exist)
Overland Park Police Department,Beretta 92
Overland Park Police Department,Heckler & Koch MP5
Overland Park Police Department,Remington 870
List of law enforcement agencies in Kansas,Emporia State University Police and Safety (page does not exist)
List of law enforcement agencies in Kansas,Fort Hays State University
Overland Park Police Department,Ford Explorer
Overland Park Police Department,Dodge Durango
Overland Park Police Department,Ford Taurus
List of law enforcement agencies in Kansas,Kansas City Kansas Community College Police Department (KCKCC) (page does not exist)
List of law enforcement agencies in Kansas,Kansas City Kansas Public Schools Police Department (USD500) (page does not exist)
Overland Park Police Department,Ford Crown Victoria
Overland Park Police Department,Lenco BearCat
List of law enforcement agencies in Kansas,Kansas State University Police Department (page does not exist)
List of law enforcement agencies in Kansas,Shawnee Mission School District Police Department (page does not exist)
List of law enforcement agencies in Kansas,"University of Kansas, Kansas City Campus Police Department (page does not exist)"
List of law enforcement agencies in Kansas,Goddard USD 265 Police Department (page does not exist)
List of law enforcement agencies in Kansas,Maize USD 266 Police Department (page does not exist)
List of law enforcement agencies in Kansas,Topeka USD 501 Police Department (page does not exist)
List of law enforcement agencies in Kansas,Washburn University Police Department (page does not exist)
Wichita Police Department,Glock 17
List of law enforcement agencies in Kansas,Wichita State University Police Department (page does not exist)
List of law enforcement agencies in Kansas,Kansas State Teachers College Police Department (page does not exist)
Wichita Police Department,9mm
Wichita Police Department,Glock 19
Wichita Police Department,Colt AR-15
Wichita Police Department,5.56×45mm NATO
Wichita Police Department,Remington 870
Wichita Police Department,Taser
Wichita Police Department,Pepper Spray
Fort Hays State University,Vashone Adams
Fort Hays State University,NFL
Fort Hays State University,Greg Anderson (trainer)
Fort Hays State University,BALCO steroids scandal
Fort Hays State University,Sheila Frahm
Fort Hays State University,Kris Kuksi
Fort Hays State University,M. T. Liggett
Fort Hays State University,Kathryn O'Loughlin McCarthy
Fort Hays State University,U.S. Representative
Fort Hays State University,Mike McCarthy
Fort Hays State University,Tim McCarty
Fort Hays State University,Milton McGriggs
Fort Hays State University,Les Miller (American football)
Fort Hays State University,Frankie Neal
Fort Hays State University,Nola Ochs
Fort Hays State University,Pillar (band)
Fort Hays State University,Nathan Shepherd (American football)
Fort Hays State University,Jim Smallwood
Fort Hays State University,Colorado Senate
Fort Hays State University,Shenyang Normal University
Fort Hays State University,Sias University
Fort Hays State University,Edit this at Wikidata
